aaa,0.02127659574468085
aaci,0.07692307692307693
aai,0.0625
aak,0.010869565217391304
aalg,0.5
aamb,1.0
aamy,0.14285714285714285
aaq,0.07142857142857142
aaqi,1.0
aaqu,0.041666666666666664
aasc,1.0
aav,0.02127659574468085
aba,1.0
abf,0.14285714285714285
abo,0.25
abq,0.14285714285714285
abs,0.3333333333333333
ace,0.09090909090909091
acet,1.0
achb,0.03571428571428571
achr,0.034482758620689655
acib,1.0
acid,0.024390243902439025
acii,0.5
acij,1.0
acin,0.023809523809523808
acio,0.02127659574468085
acip,0.024390243902439025
acis,0.024390243902439025
acj,0.5
ack,0.023255813953488372
acom,0.06666666666666667
acq,1.0
acr,0.5
acra,0.02702702702702703
acry,0.02631578947368421
acto,1.0
actt,1.0
acu,0.5
acz,0.3333333333333333
adi,0.25
adk,0.022727272727272728
adn,0.022727272727272728
adt,0.03571428571428571
aeb,1.0
aeh,0.3333333333333333
aei,1.0
aep,1.0
aev,1.0
aez,1.0
afa,0.038461538461538464
afc,1.0
afi,0.5
afla,0.125
afq,0.041666666666666664
agc,0.010752688172043012
agt,0.010752688172043012
agv,1.0
aht,0.037037037037037035
ahu,0.16666666666666666
ahz,0.125
ais,0.03571428571428571
aji,0.2
ajs,0.029411764705882353
aka,0.038461538461538464
alg,1.0
ali,0.16666666666666666
aln,0.25
alp,0.16666666666666666
als,1.0
alti,1.0
alv,1.0
amah,1.0
amc,1.0
amh,1.0
ami,0.024390243902439025
amih,0.010869565217391304
amol,1.0
amr,1.0
ams,0.07142857142857142
amv,0.5
amyb,0.04
amyy,0.16666666666666666
ane,1.0
anp,0.16666666666666666
ant,0.16666666666666666
aoa,0.06666666666666667
aol,0.047619047619047616
aon,0.024390243902439025
aos,1.0
apac,1.0
ape,0.3333333333333333
apn,0.03225806451612903
apoc,0.16666666666666666
apom,1.0
app,0.1111111111111111
apre,0.02631578947368421
aprs,0.25
aqa,0.16666666666666666
aql,0.14285714285714285
aqs,1.0
arc,0.16666666666666666
arl,0.043478260869565216
arm,0.08333333333333333
aro,0.010752688172043012
art,0.027777777777777776
artp,0.034482758620689655
aru,0.03571428571428571
ary,0.045454545454545456
asc,1.0
asd,0.010638297872340425
asip,1.0
ask,0.16666666666666666
asl,1.0
asv,1.0
asw,0.03571428571428571
ata,0.010752688172043012
ati,0.16666666666666666
atp,0.16666666666666666
atu,0.011627906976744186
atw,0.07692307692307693
atx,1.0
aue,0.5
avu,0.3333333333333333
axe,0.16666666666666666
axn,0.034482758620689655
axo,0.041666666666666664
axx,1.0
axy,0.037037037037037035
aza,0.07142857142857142
azc,0.16666666666666666
azd,0.07142857142857142
azi,0.07142857142857142
azl,0.16666666666666666
azm,1.0
azo,0.07142857142857142
azq,1.0
azr,0.0625
azt,1.0
azz,1.0
baa,0.01020408163265306
babb,0.010309278350515464
babc,0.010309278350515464
babo,0.010309278350515464
babr,0.01020408163265306
babs,0.010638297872340425
babt,0.010309278350515464
babu,0.010309278350515464
bac,0.011904761904761904
bacb,0.0196078431372549
bacl,0.0196078431372549
baco,0.07692307692307693
bacp,0.0196078431372549
bacs,0.0196078431372549
bacy,0.0196078431372549
bae,0.0196078431372549
bag,0.2
bage,1.0
bah,0.021739130434782608
bai,0.021739130434782608
bal,0.021739130434782608
balm,1.0
bam,0.011764705882352941
bama,0.0196078431372549
bamb,0.02
bamc,0.0196078431372549
bamf,0.0196078431372549
bami,0.0196078431372549
baml,0.0196078431372549
bamn,0.0196078431372549
bamp,0.02127659574468085
bamt,0.02127659574468085
bamy,0.0196078431372549
ban,0.021739130434782608
banh,0.021739130434782608
banr,0.021739130434782608
bans,0.021739130434782608
bant,0.021739130434782608
banv,0.021739130434782608
bao,0.0196078431372549
bapi,0.01098901098901099
baq,0.0196078431372549
bar,0.021739130434782608
bast,0.3333333333333333
bat,0.021739130434782608
bax,0.021739130434782608
bay,0.0196078431372549
baz,0.0196078431372549
bbet,1.0
bbh,0.015151515151515152
bbm,0.015151515151515152
bbr,0.015151515151515152
bbt,0.047619047619047616
bbw,1.0
bbx,0.015151515151515152
bby,0.021739130434782608
bcad,0.0625
bcar,0.010416666666666666
bcas,0.01
bcb,0.021739130434782608
bce,0.021739130434782608
bced,0.01282051282051282
bcee,0.010309278350515464
bcen,0.011904761904761904
bcer,0.021739130434782608
bcet,0.01020408163265306
bcf,0.021739130434782608
bcg,0.021739130434782608
bcir,0.3333333333333333
bck,0.25
bcl,0.25
bcon,0.014705882352941176
bcor,0.3333333333333333
bcq,0.021739130434782608
bcr,0.021739130434782608
bcs,0.009900990099009901
bcu,0.021739130434782608
bcv,0.05263157894736842
bcx,0.021739130434782608
bcy,0.021739130434782608
bcz,0.021739130434782608
bdf,0.011494252873563218
bdl,0.011904761904761904
bdz,1.0
beb,0.5
beba,0.5
bfa,0.041666666666666664
bfn,0.011904761904761904
bfv,0.03571428571428571
bgd,0.3333333333333333
bgf,0.012048192771084338
bgi,0.0196078431372549
bgl,0.3333333333333333
bgp,0.011764705882352941
bgq,1.0
bgu,0.012195121951219513
bgy,0.02
bgz,1.0
bht,1.0
bic,0.02857142857142857
bii,0.3333333333333333
bit,0.0196078431372549
bja,0.047619047619047616
bjp,0.047619047619047616
bjs,0.0196078431372549
bju,0.047619047619047616
bld,0.02
blh,0.02
bli,0.0196078431372549
bly,0.3333333333333333
bma,0.011627906976744186
bmab,0.011363636363636364
bmae,0.011494252873563218
bmaf,0.013333333333333334
bmai,0.015873015873015872
bmal,0.013333333333333334
bmaq,0.011904761904761904
bmaz,0.011627906976744186
bmb,0.011494252873563218
bmc,0.009900990099009901
bme,0.013157894736842105
bmed,1.0
bmee,0.01020408163265306
bmel,0.010309278350515464
bmf,0.011494252873563218
bmg,0.011494252873563218
bmi,0.009900990099009901
bmj,0.011494252873563218
bmk,0.011904761904761904
bml,0.013888888888888888
bmn,0.013888888888888888
bmp,0.0196078431372549
bmr,0.01
bms,1.0
bmt,0.009900990099009901
bmu,0.011494252873563218
bmul,0.012048192771084338
bmv,0.013888888888888888
bmw,1.0
bmyc,0.021739130434782608
bmz,0.011494252873563218
bnc,0.022222222222222223
boc,0.011764705882352941
bof,1.0
bok,0.0125
bol,1.0
bomb,1.0
bon,0.3333333333333333
bos,0.037037037037037035
bot,1.0
bov,0.011494252873563218
boz,0.03225806451612903
bpa,0.015151515151515152
bpar,0.01818181818181818
bpd,0.013888888888888888
bph,0.012048192771084338
bpk,0.013333333333333334
bpl,0.013888888888888888
bpla,0.3333333333333333
bpm,0.013888888888888888
bpp,0.01
bpq,1.0
bpr,0.013888888888888888
bprc,0.07142857142857142
bps,0.011764705882352941
bpsa,0.013888888888888888
bpsd,0.013333333333333334
bpse,0.011111111111111112
bpsh,0.011363636363636364
bpsi,0.3333333333333333
bpsl,0.011111111111111112
bpsm,0.011764705882352941
bpso,0.011111111111111112
bpsu,0.014084507042253521
bpt,0.03333333333333333
bpv,0.01020408163265306
bpz,0.011111111111111112
bql,0.0196078431372549
bqy,0.0196078431372549
bra,0.047619047619047616
brad,0.047619047619047616
brc,0.047619047619047616
brj,1.0
brn,0.2
bro,1.0
brq,1.0
brs,0.047619047619047616
bru,0.01
brv,0.034482758620689655
brx,0.045454545454545456
brz,0.034482758620689655
bsau,0.03571428571428571
bsd,0.04
bsed,1.0
bsf,0.01
bsg,0.01
bsh,0.02127659574468085
bsi,0.010416666666666666
bsia,1.0
bsk,0.01020408163265306
bsl,1.0
bsn,0.0196078431372549
bso,0.02127659574468085
bsol,1.0
bson,1.0
bsp,0.020833333333333332
bsq,0.0196078431372549
bsr,0.0196078431372549
bss,0.0196078431372549
bst,0.0196078431372549
bsu,0.02127659574468085
bsuc,0.015151515151515152
bsui,0.015151515151515152
bsul,0.0196078431372549
bsup,0.015151515151515152
bsus,0.0196078431372549
bsut,0.0196078431372549
bsuv,0.015151515151515152
bsv,0.010416666666666666
bsw,0.01
bsx,0.02127659574468085
bsy,0.0196078431372549
bsym,1.0
bsz,0.010309278350515464
btb,0.021739130434782608
btc,0.021739130434782608
btd,0.011627906976744186
bte,0.013888888888888888
btei,1.0
btf,0.021739130434782608
btg,0.021739130434782608
btha,0.014492753623188406
bthe,0.011764705882352941
bthi,0.021739130434782608
bthl,0.011494252873563218
bthm,0.011494252873563218
bthr,0.021739130434782608
btht,0.022727272727272728
bthu,0.021739130434782608
bthv,1.0
bthy,0.021739130434782608
bti,0.021739130434782608
btj,0.013157894736842105
btk,0.021739130434782608
btl,0.022222222222222223
btm,0.021739130434782608
btn,0.021739130434782608
btq,0.011494252873563218
btrm,0.015873015873015872
btro,1.0
bts,1.0
btt,0.021739130434782608
btv,0.01282051282051282
btw,0.021739130434782608
bty,0.021739130434782608
btz,1.0
bub,0.011904761904761904
bud,0.01098901098901099
bue,1.0
buf,0.010638297872340425
buj,0.058823529411764705
buk,0.01818181818181818
bul,0.013157894736842105
bum,0.010309278350515464
buo,0.014084507042253521
buq,0.011627906976744186
but,0.011111111111111112
buu,0.011363636363636364
bve,0.011904761904761904
bvi,0.011627906976744186
bvl,0.010416666666666666
bvm,0.0196078431372549
bvy,1.0
bwd,0.021739130434782608
bwe,0.021739130434782608
bww,0.021739130434782608
bxb,0.02564102564102564
bxe,0.015873015873015872
bxh,0.0196078431372549
bya,0.02
byi,0.014084507042253521
caba,1.0
caby,1.0
cacn,0.06666666666666667
caf,0.0125
cag,0.3333333333333333
cai,0.125
caj,1.0
cak,0.3333333333333333
camg,0.037037037037037035
can,1.0
cao,0.25
car,1.0
cart,0.05263157894736842
cate,1.0
cau,0.3333333333333333
cauf,0.3333333333333333
cax,0.3333333333333333
cbab,0.023809523809523808
cbac,1.0
cbal,0.25
cbat,0.25
cber,0.16666666666666666
cbot,1.0
cbw,1.0
cceu,0.02564102564102564
ccg,0.037037037037037035
ccj,0.03571428571428571
ccjz,0.03571428571428571
cco,0.3333333333333333
ccoc,0.3333333333333333
ccon,0.007633587786259542
ccv,1.0
cda,0.043478260869565216
cdb,1.0
cdd,0.03125
cde,0.029411764705882353
cdh,0.030303030303030304
cdi,0.1111111111111111
cdip,1.0
cdm,0.023255813953488372
cdn,1.0
cdo,0.1111111111111111
cdp,0.1111111111111111
cdq,0.024390243902439025
cdr,1.0
cds,0.034482758620689655
cdt,0.030303030303030304
cdv,0.030303030303030304
cdw,0.029411764705882353
cdx,0.038461538461538464
cdz,0.030303030303030304
ced,0.019230769230769232
cef,1.0
ceg,0.025
cei,0.034482758620689655
cek,0.02564102564102564
celh,1.0
cell,0.058823529411764705
cem,0.007462686567164179
cen,0.007462686567164179
cet,0.02702702702702703
cez,0.022727272727272728
cfi,0.045454545454545456
cfk,0.3333333333333333
cfl,0.045454545454545456
cfon,1.0
cga,0.038461538461538464
cgb,0.037037037037037035
cgg,0.03571428571428571
cgj,0.03571428571428571
cgl,0.037037037037037035
cgm,0.037037037037037035
cgq,0.03571428571428571
cgrn,1.0
cgs,0.03571428571428571
cgt,1.0
cgu,1.0
cgx,0.03571428571428571
chae,1.0
chel,0.02631578947368421
chit,1.0
chiz,1.0
chj,1.0
chl,0.3333333333333333
chn,0.08333333333333333
chrb,0.14285714285714285
chri,0.14285714285714285
chrm,1.0
chro,0.14285714285714285
chrs,0.0625
chrz,0.0625
cid,0.02127659574468085
cig,0.03333333333333333
cio,0.0625
cja,0.03571428571428571
cke,0.02
ckp,0.25
cku,0.14285714285714285
clac,1.0
clap,0.007462686567164179
clg,1.0
cma,1.0
cmd,0.3333333333333333
cmed,1.0
cmin,0.07692307692307693
cmj,0.012195121951219513
cmq,0.037037037037037035
cmv,0.06666666666666667
cmw,0.022727272727272728
cnc,0.014492753623188406
cnk,0.0625
cnr,0.0625
cnt,0.009523809523809525
coa,0.16666666666666666
cof,0.05263157894736842
cola,0.2
colw,0.16666666666666666
com,0.3333333333333333
comm,1.0
coq,1.0
cov,1.0
cox,0.029411764705882353
coz,0.3333333333333333
cpaf,1.0
cpau,0.027777777777777776
cpeg,0.034482758620689655
cpho,0.16666666666666666
cpi,1.0
cpin,0.3333333333333333
cps,0.25
cry,0.04
crz,1.0
csa,0.3333333333333333
cse,0.3333333333333333
csi,0.014285714285714285
csj,0.014492753623188406
csk,0.010526315789473684
csn,1.0
csp,0.08333333333333333
csph,0.045454545454545456
csta,0.0625
cste,1.0
cstr,0.09090909090909091
csu,1.0
csx,0.08333333333333333
cted,0.045454545454545456
cthe,0.5
cti,1.0
ctt,1.0
ctu,0.022222222222222223
cua,0.14285714285714285
cuh,0.025
cui,0.022727272727272728
cur,0.3333333333333333
cut,0.2
cvc,0.14285714285714285
cvi,0.16666666666666666
cvt,0.05263157894736842
cwo,1.0
cxe,0.034482758620689655
daa,0.03333333333333333
dac,0.023809523809523808
dap,1.0
daq,1.0
dar,0.125
dat,1.0
dav,1.0
dda,0.022727272727272728
ddc,0.022222222222222223
ddd,0.01639344262295082
ddf,1.0
ddq,1.0
ddt,1.0
dea,1.0
dee,1.0
dei,1.0
del,0.025
deu,1.0
dex,1.0
dey,0.125
dfe,1.0
dfn,0.015873015873015872
dhk,0.022727272727272728
dia,0.03333333333333333
dic,1.0
dih,1.0
dja,0.08333333333333333
dji,0.06666666666666667
djj,0.09090909090909091
dko,0.0625
dml,0.5
doe,1.0
don,0.023255813953488372
dov,0.5
dpy,0.02702702702702703
dru,1.0
dsf,1.0
dsh,0.020833333333333332
dso,0.015625
dsu,1.0
dts,0.022727272727272728
dtx,0.07692307692307693
dva,0.047619047619047616
dwd,0.3333333333333333
dzc,0.015625
dze,0.01639344262295082
ead,0.010526315789473684
eae,0.01
eah,0.010101010101010102
eak,0.011764705882352941
eao,0.0625
ear,0.010416666666666666
eas,0.01020408163265306
eau,0.007518796992481203
eba,0.07142857142857142
ebc,0.008064516129032258
ebf,0.5
ebg,0.008849557522123894
ebh,0.5
ebi,0.022222222222222223
ebu,0.009259259259259259
ecan,0.008928571428571428
echg,0.01020408163265306
ecla,0.010526315789473684
eclc,0.010526315789473684
ecle,0.00980392156862745
eclg,0.009174311926605505
ecli,0.010101010101010102
ecln,0.009174311926605505
ecls,0.007751937984496124
eclx,0.009433962264150943
ecly,0.009433962264150943
eclz,0.007874015748031496
ecog,1.0
ecor,1.0
eec,0.008695652173913044
een,0.0625
efe,0.012048192771084338
ege,0.015625
egm,0.0625
ego,0.0625
ehm,0.009433962264150943
ekb,0.009174311926605505
elb,0.0625
elg,0.009259259259259259
elt,0.0625
elz,0.0625
emg,0.0625
emn,0.0625
emo,1.0
emx,1.0
enc,0.01098901098901099
end,1.0
enf,0.008130081300813009
enl,0.008928571428571428
enm,1.0
eno,0.01639344262295082
enr,0.010416666666666666
ent,0.009900990099009901
enx,0.0078125
epe,0.023255813953488372
ern,0.008130081300813009
err,0.07142857142857142
erwi,1.0
erz,1.0
esa,1.0
esc,0.010752688172043012
esh,1.0
euz,1.0
exf,0.009433962264150943
fba,0.0625
fbc,0.5
fcm,0.2
fco,0.2
fcr,1.0
fgg,0.5
fgl,0.2
fil,0.25
fiy,0.25
fjg,0.2
fjo,0.2
fla,0.3333333333333333
fls,0.3333333333333333
fnk,1.0
for,0.25
fpl,1.0
fsi,1.0
fsl,0.5
gaa,1.0
gai,1.0
gau,1.0
gav,0.02564102564102564
gba,1.0
gbi,1.0
gbr,0.02040816326530612
gca,0.125
gcr,0.09090909090909091
gct,0.05
gea,0.05
gei,1.0
gej,0.05263157894736842
gel,0.05263157894736842
ges,1.0
gez,0.02857142857142857
gfl,0.3333333333333333
gfo,1.0
ggh,0.1111111111111111
gho,0.3333333333333333
git,0.02631578947368421
gjf,0.05263157894736842
gka,0.05
gli,0.05
glp,0.5
glu,0.02857142857142857
gmc,0.05263157894736842
goc,0.027777777777777776
gom,0.016666666666666666
goq,0.022727272727272728
gpb,1.0
gqu,0.01694915254237288
grc,0.5
grs,0.25
gse,0.05
gsn,0.5
gsr,0.05263157894736842
gst,0.05555555555555555
gta,0.017857142857142856
gte,0.05
gth,0.05263157894736842
gtk,0.05263157894736842
gtm,0.05263157894736842
gtn,0.05263157894736842
gwc,0.05263157894736842
gya,0.05
gyc,0.05
gym,0.05263157894736842
hab,0.14285714285714285
had,0.5
hadh,1.0
haer,0.16666666666666666
hag,1.0
hah,1.0
hahe,1.0
haj,0.16666666666666666
hak,0.5
hala,1.0
hale,1.0
hali,0.5
halj,1.0
halk,1.0
hall,1.0
haln,1.0
halo,0.16666666666666666
halq,1.0
halr,1.0
halu,1.0
haly,1.0
halz,0.14285714285714285
ham,1.0
haq,0.16666666666666666
har,0.043478260869565216
hat,0.022727272727272728
hau,1.0
hav,0.022222222222222223
haxi,1.0
hbe,1.0
hbo,0.16666666666666666
hce,0.5
hch,0.5
hcm,0.5
hco,0.1111111111111111
hcs,0.14285714285714285
hdf,1.0
hdh,1.0
hdl,0.3333333333333333
hdn,0.3333333333333333
hdt,1.0
hebr,1.0
hel,0.14285714285714285
het,0.5
hfe,1.0
hfr,1.0
hgi,0.1111111111111111
hhb,0.16666666666666666
hhg,0.5
hhh,1.0
hhi,0.14285714285714285
hhm,1.0
hhn,0.14285714285714285
hhu,0.1
hhy,1.0
hjt,0.1111111111111111
hla,1.0
hlc,0.125
hlm,0.16666666666666666
hma,0.14285714285714285
hmc,0.3333333333333333
hme,0.1111111111111111
hmi,1.0
hmu,0.14285714285714285
hne,1.0
hni,0.25
hoe,0.014705882352941176
hol,1.0
hpar,0.022222222222222223
hpel,1.0
hpse,0.02127659574468085
hra,1.0
hrb,0.01282051282051282
hrr,1.0
hru,0.3333333333333333
hse,0.025
hsi,0.1
hsm,0.5
hsn,0.14285714285714285
hso,0.5
hsr,1.0
hsz,0.01639344262295082
hta,0.14285714285714285
hte,0.5
hth,0.5
htl,1.0
htq,1.0
htu,0.125
hut,0.14285714285714285
huw,0.07692307692307693
hvn,1.0
hvo,0.1111111111111111
hxa,0.14285714285714285
hya,1.0
hyb,0.022222222222222223
hyc,0.02564102564102564
hyd,0.5
hye,0.5
hyl,0.02564102564102564
hyn,0.02040816326530612
hyo,1.0
hyr,0.022222222222222223
idi,0.2
ido,0.037037037037037035
idt,0.25
ili,0.25
ilo,0.25
iod,0.5
jab,0.5
jaj,0.02564102564102564
jal,0.043478260869565216
jas,1.0
jaz,0.041666666666666664
jde,0.5
jeu,1.0
jli,0.025
jlv,1.0
jme,0.02702702702702703
jsv,0.047619047619047616
kak,1.0
kan,1.0
kco,0.009259259259259259
kfl,0.09090909090909091
kfv,0.034482758620689655
kgo,0.007692307692307693
kie,0.16666666666666666
kii,0.1
kim,1.0
kin,0.008403361344537815
kki,0.08333333333333333
kko,0.5
kle,0.010309278350515464
kll,0.007692307692307693
kln,0.01
klw,0.01
kmi,0.010752688172043012
koa,1.0
koc,0.009259259259259259
kod,1.0
koe,0.011494252873563218
kok,0.008849557522123894
kom,0.008928571428571428
kor,0.009523809523809525
kot,0.011764705882352941
kox,0.009259259259259259
koy,0.009523809523809525
kpa,0.011111111111111112
kpb,0.009615384615384616
kpc,0.009523809523809525
kpd,1.0
kpe,0.009615384615384616
kpg,0.00980392156862745
kph,0.009523809523809525
kphy,0.030303030303030304
kpi,0.009523809523809525
kpj,0.009708737864077669
kpk,1.0
kpl,0.08333333333333333
kpm,0.011363636363636364
kpn,0.009174311926605505
kpne,0.011111111111111112
kpnk,1.0
kpnu,0.009708737864077669
kpo,0.00980392156862745
kpp,0.041666666666666664
kpq,0.009523809523809525
kpr,0.011111111111111112
kps,0.009345794392523364
kpt,0.00980392156862745
kpu,0.009523809523809525
kpv,0.009615384615384616
kpw,0.009708737864077669
kpx,0.009615384615384616
kpy,0.009708737864077669
kpz,0.009615384615384616
kqi,1.0
kqu,0.00980392156862745
kqv,0.009615384615384616
krd,0.01
krs,0.02702702702702703
ksa,0.009523809523809525
ksd,0.5
kst,1.0
kuy,1.0
kva,0.01098901098901099
kvd,0.011494252873563218
kvq,0.00980392156862745
labp,0.07142857142857142
labt,0.043478260869565216
laci,0.125
lack,1.0
lacs,1.0
lact,1.0
lag,0.3333333333333333
lagg,0.047619047619047616
laj,0.25
lal,1.0
lalw,0.09090909090909091
lao,0.5
lap,0.045454545454545456
laq,0.05555555555555555
laqu,0.023809523809523808
lax,0.009345794392523364
laz,0.009433962264150943
lbf,1.0
lbi,1.0
lbj,0.5
lbl,0.5
lch,0.038461538461538464
lcj,1.0
lcu,0.08333333333333333
lcy,0.125
lea,1.0
lee,0.00909090909090909
lef,0.010526315789473684
leh,0.00909090909090909
lei,0.00909090909090909
lej,0.02702702702702703
ler,0.009345794392523364
lew,0.009433962264150943
lfe,0.125
lff,0.125
lfm,0.14285714285714285
lfr,0.14285714285714285
lfs,1.0
lgn,0.08333333333333333
lgz,1.0
lhk,1.0
lho,0.08333333333333333
lib,1.0
lim,0.037037037037037035
lit,1.0
ljr,0.08333333333333333
lkm,0.25
lko,0.1
llg,1.0
llo,0.08333333333333333
lmb,0.058823529411764705
lmd,0.02702702702702703
lmir,0.0125
lne,0.016666666666666666
lni,0.011494252873563218
lpa,0.08333333333333333
lpb,0.07692307692307693
lpc,0.09090909090909091
lpd,0.1111111111111111
lpe,0.09090909090909091
lpf,0.08333333333333333
lpg,0.07692307692307693
lph,0.09090909090909091
lpil,1.0
lpj,0.07142857142857142
lpl,0.07142857142857142
lpm,1.0
lpn,0.09090909090909091
lpo,0.08333333333333333
lpp,0.08333333333333333
lpu,0.08333333333333333
lpx,0.2
lrf,0.14285714285714285
lrr,0.14285714285714285
lrt,0.125
lru,0.125
lsd,0.5
lsh,1.0
lsol,0.05
lst,0.25
lue,0.0625
lug,0.05555555555555555
luo,1.0
lus,0.05263157894736842
lut,0.16666666666666666
lvs,0.02702702702702703
lwi,1.0
lwl,0.25
lyj,0.05
lzy,0.16666666666666666
maad,0.16666666666666666
macr,0.012195121951219513
maf,0.012987012987012988
mag,0.25
maga,0.1
magn,1.0
magq,1.0
magx,0.25
mah,0.3333333333333333
malg,0.5
mali,0.03333333333333333
malu,1.0
mam,0.010638297872340425
mamo,0.01
man,1.0
mao,0.01639344262295082
maq,0.1111111111111111
mara,1.0
marf,0.5
mari,0.1111111111111111
marj,1.0
mars,0.14285714285714285
mart,0.2
mass,0.043478260869565216
masy,0.037037037037037035
masz,0.041666666666666664
mau,0.07142857142857142
maur,0.14285714285714285
mav,0.012987012987012988
mavi,0.012987012987012988
mavu,0.012987012987012988
mbb,0.012987012987012988
mbk,0.01282051282051282
mbl,0.2
mbm,0.012987012987012988
mbo,0.012987012987012988
mbs,0.125
mbt,0.012987012987012988
mbur,1.0
mbx,0.012987012987012988
mca,1.0
mcak,0.012195121951219513
mcat,0.25
mcb,0.14285714285714285
mce,0.012987012987012988
mcg,0.5
mchi,0.012987012987012988
mcht,0.010309278350515464
mci,0.010869565217391304
mcl,0.012195121951219513
mcq,0.01282051282051282
mcs,0.25
mct,1.0
mcu,1.0
mcv,0.01282051282051282
mcx,0.01282051282051282
mcz,0.01282051282051282
mdh,0.3333333333333333
mdn,0.25
mdr,1.0
mdu,0.012658227848101266
mdx,0.012658227848101266
mec,0.5
mej,0.5
mela,0.024390243902439025
melm,0.024390243902439025
mes,0.012658227848101266
mesm,0.01098901098901099
met,0.2
metd,1.0
meti,1.0
metl,1.0
metr,0.25
metu,1.0
mety,0.007936507936507936
mey,0.047619047619047616
mfj,0.010309278350515464
mfla,0.034482758620689655
mft,0.01
mgg,1.0
mgi,0.009615384615384616
mgin,1.0
mgm,1.0
mgo,0.010752688172043012
mgos,1.0
mgry,0.25
mgy,0.25
mhad,0.012987012987012988
mhas,0.03125
mhc,0.1111111111111111
mhd,1.0
mhey,0.015873015873015872
mhua,1.0
mia,0.012658227848101266
micb,1.0
micg,0.25
mico,0.041666666666666664
mid,0.01282051282051282
mii,0.2
mik,0.16666666666666666
mil,0.07692307692307693
min,1.0
mint,1.0
mio,0.045454545454545456
mir,0.012658227848101266
mit,0.012658227848101266
miv,0.02857142857142857
mjd,0.012048192771084338
mjl,0.012048192771084338
mjr,1.0
mkc,1.0
mkm,0.011627906976744186
mkn,0.01282051282051282
mko,1.0
mkr,0.010309278350515464
mli,0.012658227848101266
mln,0.010416666666666666
mlp,0.012987012987012988
mlq,0.1
mlt,0.3333333333333333
mmai,1.0
mmal,0.013157894736842105
mmb,1.0
mmc,0.011764705882352941
mmed,0.2
mmic,0.01282051282051282
mmk,1.0
mmm,0.01282051282051282
mmob,1.0
mmr,1.0
mmt,0.25
mmyr,1.0
mno,0.25
mnr,0.058823529411764705
moc,1.0
mod,0.25
moi,0.5
mon,1.0
mop,0.01020408163265306
mor,0.5
mox,1.0
mpa,1.0
mpar,0.023809523809523808
mph,0.25
mphl,0.011627906976744186
mpq,0.1111111111111111
mprt,0.07692307692307693
mpsy,1.0
mpt,1.0
mpw,0.25
mra,0.012987012987012988
mrd,0.16666666666666666
mrh,0.25
mrs,0.3333333333333333
msb,0.011494252873563218
msg,0.011764705882352941
msh,0.011494252873563218
msl,0.022222222222222223
msm,0.011764705882352941
msn,0.011494252873563218
msp,0.00980392156862745
msq,0.08333333333333333
msx,0.09090909090909091
mtb,0.5
mtc,1.0
mtd,0.012987012987012988
mte,0.012987012987012988
mter,0.012195121951219513
mtf,0.012987012987012988
mtg,0.014084507042253521
mthd,0.3333333333333333
mthi,1.0
mthn,0.01282051282051282
mtj,0.012987012987012988
mtk,0.5
mtl,0.012987012987012988
mtn,0.01282051282051282
mto,0.012987012987012988
mtq,0.012987012987012988
mtu,0.012987012987012988
mtua,0.07692307692307693
mtub,0.01282051282051282
mtuc,0.014084507042253521
mtue,0.012987012987012988
mtuh,0.012987012987012988
mtul,0.01282051282051282
mtun,1.0
mtur,0.012987012987012988
mtut,0.012987012987012988
mtuu,0.012987012987012988
mtv,0.01282051282051282
mtw,1.0
mtx,0.01282051282051282
mtz,0.01282051282051282
muz,1.0
mva,0.010752688172043012
mvq,0.010752688172043012
mvs,0.5
mwa,1.0
mxe,1.0
myo,0.0125
myr,0.25
myv,0.010416666666666666
myz,0.25
nad,1.0
naf,1.0
nak,0.125
nal,0.5
nam,0.5
nao,1.0
nap,0.5
naq,1.0
nas,1.0
nat,0.1111111111111111
nax,1.0
nbl,1.0
nbr,0.027777777777777776
nbv,0.14285714285714285
nca,0.3333333333333333
ncb,1.0
ncl,1.0
ncn,1.0
nco,0.14285714285714285
nct,0.14285714285714285
ncu,0.25
ncy,0.02127659574468085
nda,0.5
ndk,0.25
ndv,1.0
nei,1.0
nek,1.0
nel,0.09090909090909091
net,0.14285714285714285
neu,1.0
nev,1.0
nfa,0.020833333333333332
nfn,0.5
nfr,1.0
nfv,1.0
nga,1.0
ngg,0.014084507042253521
ngk,0.09090909090909091
ngl,0.011764705882352941
ngo,1.0
nha,0.047619047619047616
nhl,0.25
nib,0.25
nic,1.0
nid,0.14285714285714285
nii,0.1
nim,1.0
nin,0.14285714285714285
nir,1.0
nis,1.0
nit,0.125
niw,1.0
niy,1.0
nko,1.0
nkr,0.14285714285714285
nla,1.0
nlc,0.06666666666666667
nma,1.0
nmc,1.0
nme,0.09090909090909091
nmh,1.0
nmi,0.09090909090909091
nmj,1.0
nml,0.07692307692307693
nmm,1.0
nmn,1.0
nmp,0.09090909090909091
nmq,0.09090909090909091
nmr,0.14285714285714285
nms,1.0
nmu,0.07142857142857142
nmw,1.0
nmx,0.09090909090909091
nmz,0.09090909090909091
nno,0.02564102564102564
noa,0.3333333333333333
noc,0.25
nod,0.023255813953488372
noh,1.0
noi,0.047619047619047616
nok,1.0
nor,1.0
nou,0.3333333333333333
now,0.3333333333333333
nox,1.0
noz,0.023809523809523808
npe,0.2
nph,0.5
npl,1.0
npn,0.058823529411764705
nsa,1.0
nsf,1.0
nsi,1.0
nsl,0.03125
nsn,1.0
nso,1.0
nsr,0.030303030303030304
nst,1.0
ntm,1.0
ntt,1.0
nue,1.0
nur,0.14285714285714285
nvn,0.5
nvr,0.125
nwa,0.25
nwe,0.09090909090909091
nwi,0.047619047619047616
nwr,0.25
nzl,1.0
nzo,1.0
oac,1.0
oah,0.010526315789473684
oai,1.0
oan,0.010309278350515464
oat,0.02857142857142857
oca,0.05
ocd,0.020833333333333332
oce,0.5
ocg,0.045454545454545456
och,1.0
oci,0.125
ocm,0.5
oco,0.045454545454545456
oct,1.0
odi,0.025
oek,0.025
oho,1.0
oll,0.16666666666666666
ome,1.0
oni,1.0
ooi,1.0
opf,0.3333333333333333
opo,0.022222222222222223
opr,1.0
ops,0.012345679012345678
orb,1.0
orm,1.0
orn,0.03571428571428571
orz,0.022222222222222223
osg,1.0
otk,0.023809523809523808
oto,0.030303030303030304
otr,1.0
our,0.043478260869565216
oxy,1.0
pac,0.07692307692307693
pacc,0.07142857142857142
pach,1.0
pacn,0.07142857142857142
paco,1.0
pacr,1.0
pact,0.3333333333333333
pad,0.07142857142857142
pae,0.018518518518518517
paea,0.047619047619047616
paeb,0.017543859649122806
paec,0.02127659574468085
paed,1.0
paee,0.05263157894736842
paeg,0.017543859649122806
paeh,0.045454545454545456
paei,0.02127659574468085
pael,0.041666666666666664
paem,0.017543859649122806
paen,0.05263157894736842
paeo,0.02127659574468085
paep,0.018518518518518517
paeq,0.05
paer,0.01694915254237288
paes,0.017543859649122806
paeu,0.02127659574468085
paev,0.02127659574468085
paf,0.017543859649122806
pag,0.017543859649122806
pagc,0.008333333333333333
pagg,0.009345794392523364
pagr,1.0
pai,0.5
paih,0.045454545454545456
pak,0.07692307692307693
palc,0.015625
palg,1.0
palh,0.016666666666666666
palk,0.016129032258064516
pall,1.0
pamn,0.02857142857142857
pana,0.07692307692307693
panc,0.08333333333333333
panp,0.022727272727272728
pans,0.009259259259259259
pao,0.021739130434782608
pap,0.034482758620689655
par,0.25
paro,0.02127659574468085
paru,0.02564102564102564
pary,1.0
pas,0.5
pau,0.02127659574468085
paur,1.0
pav,0.07142857142857142
paw,0.07692307692307693
pax,0.07142857142857142
paz,0.07142857142857142
pba,0.015625
pbc,0.01694915254237288
pbh,0.023809523809523808
pbm,0.016129032258064516
pbo,0.25
pbor,1.0
pbv,0.047619047619047616
pcay,1.0
pcd,0.022727272727272728
pcg,0.01694915254237288
pch,0.015384615384615385
pcib,0.025
pcl,0.25
pcn,0.07142857142857142
pcol,1.0
pcp,0.017241379310344827
pcq,0.016666666666666666
pcx,0.05555555555555555
pcz,0.015625
pde,0.025
pdj,0.2
pdk,0.018518518518518517
pdl,0.5
pdo,0.5
pdr,0.016666666666666666
pds,0.14285714285714285
pdx,0.06666666666666667
pdz,1.0
peh,1.0
pej,1.0
pen,0.015873015873015872
pey,1.0
pfb,0.022727272727272728
pfe,0.016129032258064516
pff,0.017241379310344827
pfk,0.019230769230769232
pfl,0.023255813953488372
pfn,0.017241379310344827
pfr,1.0
pfre,0.5
pfv,0.016129032258064516
pfw,0.02
pga,0.022727272727272728
pgd,0.14285714285714285
pgin,0.3333333333333333
pgl,0.022727272727272728
pgm,0.05
pgo,0.25
pgp,1.0
pgv,0.05
pgz,0.015873015873015872
pha,0.25
phau,1.0
php,0.02702702702702703
phq,0.022222222222222223
phr,0.045454545454545456
phs,0.010752688172043012
phw,0.05263157894736842
pib,0.047619047619047616
pig,0.029411764705882353
pin,1.0
pkb,0.045454545454545456
pkc,0.016666666666666666
pkd,0.037037037037037035
pkt,0.03125
pla,1.0
plen,0.05263157894736842
pleo,0.05555555555555555
plh,1.0
pll,0.07692307692307693
plp,1.0
plv,1.0
plw,0.047619047619047616
pmad,0.16666666666666666
pman,0.0196078431372549
pmar,0.07692307692307693
pmib,0.25
pmk,0.016129032258064516
pmos,0.016129032258064516
pmr,0.025
pmut,0.02127659574468085
pmx,1.0
pmy,0.015873015873015872
pna,0.03333333333333333
pnc,0.017543859649122806
png,0.25
poa,0.16666666666666666
pob,0.16666666666666666
pod,0.043478260869565216
pog,1.0
pol,0.03225806451612903
ppan,1.0
ppeo,0.043478260869565216
pphr,0.05263157894736842
ppic,0.022727272727272728
ppk,0.037037037037037035
ppm,0.058823529411764705
ppnm,0.010416666666666666
ppno,0.010416666666666666
ppo,0.08333333333333333
ppol,0.08333333333333333
ppoy,0.058823529411764705
ppq,1.0
pprc,0.02040816326530612
ppro,0.018867924528301886
ppse,0.015873015873015872
ppy,0.043478260869565216
pra,0.05555555555555555
prb,0.010416666666666666
pri,0.08333333333333333
prl,0.07692307692307693
prot,0.025
prp,0.041666666666666664
prw,0.14285714285714285
psa,1.0
psc,0.015873015873015872
pse,0.125
pseb,0.041666666666666664
psec,0.015625
psed,0.015151515151515152
psei,0.041666666666666664
psem,0.017241379310344827
pses,0.017857142857142856
psey,1.0
psez,1.0
psf,0.14285714285714285
psg,0.018518518518518517
psh,0.125
psil,0.018867924528301886
psj,0.015873015873015872
psk,0.017241379310344827
psn,1.0
psni,0.03333333333333333
psos,0.017857142857142856
pspg,0.2
psr,0.014925373134328358
pstu,0.014705882352941176
psu,0.05263157894736842
psuw,0.05263157894736842
psy,0.5
psyc,0.2
psyg,0.2
psyn,0.14285714285714285
psyy,1.0
psz,0.016129032258064516
pta,0.045454545454545456
ptb,1.0
ptl,0.05263157894736842
ptn,0.25
ptq,1.0
pts,1.0
ptv,0.02
ptx,0.009708737864077669
pus,0.03333333333333333
put,1.0
puv,1.0
pva,0.007692307692307693
pvg,1.0
pvl,0.025
pvr,0.017857142857142856
pye,0.02127659574468085
pyr,0.25
pzh,0.021739130434782608
pzu,1.0
raa,1.0
rad,1.0
rah,0.021739130434782608
rain,0.25
raj,1.0
rao,0.009900990099009901
raq,0.1
rav,0.012195121951219513
rbar,1.0
rbd,0.2
rbg,0.03333333333333333
rbh,0.07142857142857142
rbi,1.0
rbl,0.034482758620689655
rbm,1.0
rbn,0.020833333333333332
rbs,1.0
rbu,1.0
rby,0.023809523809523808
rbz,0.023255813953488372
rca,1.0
rce,1.0
rcp,0.037037037037037035
rcr,1.0
rde,0.1111111111111111
rdi,0.05555555555555555
rdn,0.08333333333333333
ree,0.01
reh,0.02040816326530612
rel,0.012048192771084338
req,1.0
ret,0.014084507042253521
reu,0.016666666666666666
rev,1.0
rez,0.01098901098901099
rfo,1.0
rfr,0.03333333333333333
rga,0.010869565217391304
rge,0.020833333333333332
rgl,0.07692307692307693
rgr,0.010752688172043012
rgu,0.029411764705882353
rhd,1.0
rhf,0.029411764705882353
rhh,1.0
rhi,0.01
rhj,1.0
rhl,1.0
rhn,0.01098901098901099
rhoz,1.0
rhp,0.03225806451612903
rhq,0.023809523809523808
rht,0.015873015873015872
rhv,0.010752688172043012
rhw,0.01818181818181818
rhx,0.01098901098901099
rhz,0.03333333333333333
rid,1.0
rir,0.01098901098901099
rjg,0.010638297872340425
rli,0.02631578947368421
rlt,0.010752688172043012
rmb,0.022222222222222223
rme,0.024390243902439025
rmm,0.02702702702702703
rmu,0.07692307692307693
roh,0.023809523809523808
rok,0.16666666666666666
rom,0.020833333333333332
ron,0.013888888888888888
roo,1.0
rop,0.019230769230769232
ror,0.01020408163265306
rox,0.021739130434782608
roy,1.0
rpa,0.047619047619047616
rpb,0.05
rpc,0.047619047619047616
rpe,0.047619047619047616
rpf,0.02702702702702703
rpha,0.01098901098901099
rpi,0.03571428571428571
rpj,0.125
rpln,0.009345794392523364
rpod,0.014285714285714285
rpon,1.0
rpt,0.047619047619047616
rpu,0.03225806451612903
rpx,0.047619047619047616
rpy,0.024390243902439025
rrd,1.0
rrt,0.02
rrz,0.02127659574468085
rse,0.07142857142857142
rsh,0.03333333333333333
rsi,1.0
rsk,0.029411764705882353
rsl,0.021739130434782608
rsm,0.021739130434782608
rsn,0.047619047619047616
rso,1.0
rsp,0.03571428571428571
rsq,0.037037037037037035
rsy,1.0
rtg,0.013888888888888888
rua,0.025
rub,1.0
rud,0.25
ruf,0.3333333333333333
run,1.0
rut,0.024390243902439025
rxy,1.0
saa,0.011904761904761904
sab,0.011904761904761904
sac,0.011904761904761904
saca,0.2
sacc,0.25
sacz,0.0625
sad,0.011904761904761904
sae,0.011904761904761904
saf,1.0
saga,0.14285714285714285
sagq,0.011904761904761904
sagu,0.03225806451612903
sala,0.06666666666666667
salb,0.043478260869565216
sale,1.0
salf,0.043478260869565216
sali,1.0
sall,0.043478260869565216
saln,1.0
salo,0.02564102564102564
salt,0.16666666666666666
salu,0.045454545454545456
salv,0.09090909090909091
sam,0.011904761904761904
samb,0.043478260869565216
same,0.011111111111111112
sami,1.0
sams,0.011904761904761904
sanw,0.03225806451612903
sao,0.011904761904761904
sap,0.5
saq,0.05263157894736842
sar,0.011904761904761904
sas,1.0
satk,1.0
sau,0.011904761904761904
saua,0.011904761904761904
saub,0.011904761904761904
sauc,0.011904761904761904
saud,0.011904761904761904
saue,0.011904761904761904
sauf,0.011904761904761904
saug,0.011904761904761904
saui,0.011904761904761904
sauj,0.011904761904761904
sauk,0.011904761904761904
saum,0.011904761904761904
saun,1.0
sauq,0.011904761904761904
saur,0.011904761904761904
saus,0.011904761904761904
saut,0.011904761904761904
sauu,0.011904761904761904
sauv,0.011904761904761904
sauw,0.011904761904761904
saux,0.011904761904761904
sauy,0.011904761904761904
sauz,0.011904761904761904
sav,0.011904761904761904
saw,0.011904761904761904
sax,0.011904761904761904
say,0.5
sbac,0.5
sbd,0.0625
sbf,1.0
sbg,0.009708737864077669
sbh,0.043478260869565216
sbv,0.010526315789473684
sbz,0.04
sca,0.011904761904761904
scap,0.011904761904761904
scar,0.011904761904761904
scb,0.045454545454545456
schr,1.0
sclo,0.058823529411764705
sco,0.047619047619047616
sct,0.045454545454545456
scv,0.011904761904761904
scw,0.043478260869565216
scx,0.045454545454545456
scy,0.045454545454545456
sde,1.0
sdf,1.0
sdj,1.0
sdn,0.5
sdo,0.011904761904761904
sdp,1.0
sdr,0.14285714285714285
sdt,0.011904761904761904
sdv,1.0
sdy,0.011111111111111112
sdz,1.0
sech,1.0
sedi,0.034482758620689655
seds,1.0
sen,1.0
sep,0.011904761904761904
sepp,0.012345679012345678
seps,0.011904761904761904
seqo,0.011904761904761904
ser,0.011904761904761904
sera,1.0
serj,1.0
serm,0.017857142857142856
serq,1.0
sers,0.007462686567164179
serw,0.25
sfd,0.010101010101010102
sff,0.011904761904761904
sfh,0.01020408163265306
sfj,1.0
sfk,1.0
sfq,0.011904761904761904
sgi,0.058823529411764705
sgoe,1.0
sgs,0.047619047619047616
sha,0.011904761904761904
shd,0.125
shh,0.011904761904761904
shom,0.011904761904761904
shu,0.011904761904761904
shv,0.5
shyd,0.05555555555555555
shz,0.010101010101010102
sia,0.07692307692307693
sic,0.07692307692307693
sih,0.07692307692307693
sij,0.5
sil,0.0196078431372549
sim,0.07692307692307693
simp,0.030303030303030304
sin,0.07692307692307693
sini,1.0
sino,1.0
sir,0.07692307692307693
sis,0.07692307692307693
siw,0.1
six,0.010869565217391304
siy,0.07692307692307693
sku,0.5
sky,1.0
slau,0.045454545454545456
sle,0.07142857142857142
slg,0.011904761904761904
slh,0.5
slim,0.5
slk,1.0
sln,0.012345679012345678
slq,1.0
slt,0.1
slv,0.043478260869565216
slz,0.011904761904761904
smac,0.015873015873015872
smaf,0.5
smal,0.03571428571428571
smar,0.016129032258064516
smd,0.010416666666666666
sme,0.01020408163265306
smeg,0.05555555555555555
smel,0.01020408163265306
smer,0.011627906976744186
smi,0.010416666666666666
smic,0.058823529411764705
smiz,0.25
smk,0.010526315789473684
sml,1.0
smq,0.010416666666666666
smt,0.0625
smur,1.0
smus,0.011904761904761904
smw,0.01694915254237288
smx,0.010416666666666666
sna,1.0
snl,0.011904761904761904
snn,0.030303030303030304
sno,0.125
sod,0.125
sof,1.0
soh,1.0
sol,0.07692307692307693
soo,0.5
spae,0.08333333333333333
spas,0.011904761904761904
spav,0.043478260869565216
spe,0.0196078431372549
spet,0.011904761904761904
spha,0.5
sphc,0.1111111111111111
sphd,0.05555555555555555
sphe,1.0
sphj,0.058823529411764705
sphm,0.05555555555555555
sphn,0.25
spho,0.058823529411764705
sphp,0.058823529411764705
spht,0.06666666666666667
sphu,0.07142857142857142
sphz,0.25
sply,0.017241379310344827
spon,0.25
spop,0.08333333333333333
spor,0.08333333333333333
spos,0.08333333333333333
spsc,0.25
spse,0.023809523809523808
spsy,0.08333333333333333
squ,1.0
sra,0.017543859649122806
srl,0.02
srm,1.0
srn,0.043478260869565216
sro,0.3333333333333333
srr,0.017543859649122806
srs,0.017543859649122806
sru,1.0
srub,0.16666666666666666
sry,0.03333333333333333
srz,0.0196078431372549
ssch,0.011904761904761904
sscu,0.011904761904761904
sscz,0.011904761904761904
ssd,0.011904761904761904
ssia,0.043478260869565216
ssif,0.011904761904761904
sso,0.07692307692307693
ssoa,0.07692307692307693
ssof,0.07692307692307693
ssol,0.07692307692307693
ssyi,0.027777777777777776
stem,0.05
sten,0.05
ster,0.058823529411764705
stes,0.05555555555555555
sti,1.0
stp,0.058823529411764705
strc,0.047619047619047616
strd,0.043478260869565216
strt,0.043478260869565216
sua,0.5
suc,1.0
sud,1.0
sue,0.011904761904761904
suf,0.011904761904761904
sug,1.0
suh,0.011904761904761904
suj,0.011904761904761904
suk,0.011904761904761904
sul,1.0
sulc,1.0
sulg,1.0
suli,0.02631578947368421
suln,0.5
sulr,0.5
sulz,0.024390243902439025
sun,0.5
suq,0.011904761904761904
sure,0.08333333333333333
sus,1.0
sut,0.011904761904761904
suu,0.011904761904761904
suv,0.011904761904761904
suw,0.011904761904761904
sux,0.011904761904761904
suy,0.011904761904761904
suz,0.011904761904761904
sva,0.3333333333333333
svc,1.0
svo,0.2
swa,0.011904761904761904
swf,1.0
swi,0.058823529411764705
sxl,0.011904761904761904
sxo,0.011904761904761904
sxy,0.011904761904761904
syn,0.14285714285714285
syo,0.14285714285714285
syq,0.14285714285714285
sys,0.14285714285714285
syt,0.14285714285714285
syy,0.14285714285714285
syz,0.14285714285714285
taa,1.0
taci,1.0
tah,0.14285714285714285
tak,0.16666666666666666
tam,1.0
tas,0.3333333333333333
tat,1.0
tav,1.0
taw,0.03571428571428571
tbc,0.3333333333333333
tbd,1.0
tbh,1.0
tbi,1.0
tbn,1.0
tci,0.01639344262295082
tcl,0.16666666666666666
tdn,1.0
tea,1.0
tee,1.0
teg,1.0
ten,0.16666666666666666
teq,0.3333333333333333
tez,1.0
tfu,1.0
tgl,1.0
tgr,0.16666666666666666
thac,1.0
thap,1.0
thas,0.029411764705882353
thd,0.021739130434782608
thec,0.5
thef,1.0
theh,1.0
thep,1.0
thes,0.045454545454545456
thi,1.0
this,1.0
thk,0.0625
tho,0.3333333333333333
thu,0.0625
thw,0.02857142857142857
tid,1.0
tig,1.0
tii,1.0
tin,0.1
tkm,0.3333333333333333
tmai,1.0
tmc,0.125
tmo,1.0
tmp,0.16666666666666666
tmr,1.0
tmz,0.0625
tnr,1.0
toy,1.0
tpar,0.25
tpro,0.06666666666666667
tpty,0.012048192771084338
tpx,1.0
trb,1.0
tro,1.0
tsc,1.0
ttc,1.0
ttk,1.0
ttl,0.3333333333333333
ttr,1.0
tts,0.25
tuz,0.25
tvi,1.0
tvr,0.25
tvu,1.0
txi,1.0
upi,1.0
upv,0.06666666666666667
vaf,1.0
van,1.0
vas,1.0
vat,0.25
vau,0.06666666666666667
vce,0.07142857142857142
vcf,0.07142857142857142
vch,0.07142857142857142
vci,0.07142857142857142
vcj,0.07142857142857142
vcl,0.07692307692307693
vcm,0.07142857142857142
vco,0.07142857142857142
vcq,0.07142857142857142
vcr,0.07142857142857142
vcs,0.07142857142857142
vcx,0.07142857142857142
vcz,0.07142857142857142
vdi,0.25
vdn,0.25
vej,0.14285714285714285
vff,0.037037037037037035
vfl,0.14285714285714285
vfu,0.16666666666666666
vhl,0.022727272727272728
vig,0.022727272727272728
vil,0.02564102564102564
vim,1.0
vir,0.022222222222222223
vna,0.14285714285714285
vni,0.14285714285714285
vok,0.5
vpd,0.03125
vpr,0.25
vqi,0.16666666666666666
vrm,0.25
wch,1.0
wfu,0.16666666666666666
wjo,1.0
wma,0.5
woc,1.0
xau,0.16666666666666666
xba,0.1
xce,0.05
yal,0.0196078431372549
yel,0.0196078431372549
yen,0.023809523809523808
yew,0.018867924528301886
yhi,1.0
yin,0.018867924528301886
ypa,0.02040816326530612
ypac,0.021739130434782608
ypb,0.018867924528301886
ypc,0.022727272727272728
ypd,0.030303030303030304
ype,0.020833333333333332
ypf,0.018867924528301886
ypg,0.030303030303030304
yph,0.034482758620689655
ypi,0.030303030303030304
ypj,0.018867924528301886
ypl,0.018867924528301886
ypm,0.020833333333333332
ypn,0.018867924528301886
ypo,0.018867924528301886
ypp,0.018867924528301886
ypq,0.018867924528301886
ypr,0.018867924528301886
yps,0.034482758620689655
ypt,0.018867924528301886
ypu,0.018867924528301886
ypv,0.018867924528301886
ypw,0.018867924528301886
ypx,0.030303030303030304
ypy,0.018867924528301886
ypz,0.030303030303030304
yrb,0.024390243902439025
yre,1.0
yru,0.038461538461538464
ysi,0.018867924528301886
zdf,0.5
zga,1.0
zpa,0.07142857142857142
