User: USER,Path: C:\Program Files (x86)\BMG\CLARIOstar\User\Data\,Test run no.: 2980
Test name: KC_NO2NO3_SCAN,Date: 5/17/2022,Time: 7:36:11 PM

ID1: Nar_Nap_mvc_cycle3_t5_20220514_1140am,
Absorbance


A01
X1 540
0.1259,0.126
0.1275,0.1244

A02
X2 540
0.1248,0.1244
0.1229,0.1245

A03
X3 540
1.3657,1.3616
1.369,1.3644

A04
X4 540
1.1867,1.1828
1.1827,1.1737

A05
X5 540
2.5504,2.5606
2.5894,2.5674

A06
X6 540
2.5987,2.5915
2.6243,2.5911

A07
X7 540
0.1213,0.1209
0.1201,0.1176

A08
X8 540
0.1328,0.1234
0.149,0.1203

A09
X9 540
0.128,0.1258
0.1225,0.1198

A10
X10 540
0.1325,0.1281
0.1281,0.1233

A11
X11 540
2.344,2.363
2.3842,2.3729

A12
X12 540
2.6458,2.6537
2.6451,2.633

B01
X13 540
0.5522,0.5575
0.5693,0.5504

B02
X14 540
0.1266,0.1234
0.1262,0.1229

B03
X15 540
2.5554,2.5562
2.5532,2.5418

B04
X16 540
2.621,2.6192
2.628,2.6092

B05
X17 540
3.1941,3.1551
3.1368,3.1676

B06
X18 540
3.1794,3.1744
3.1728,3.1674

B07
X19 540
0.1267,0.1265
0.1232,0.1214

B08
X20 540
0.128,0.1271
0.1235,1.4767

B09
X21 540
3.1929,3.2422
3.2331,3.2269

B10
X22 540
3.4809,3.4371
3.4669,3.4198

B11
X23 540
2.7017,2.6966
2.69,2.6785

B12
X24 540
2.3256,2.3267
2.335,2.3154

C01
X25 540
2.9147,2.8952
2.9098,2.8616

C02
X26 540
3.1372,3.1239
3.1442,3.104

C03
X27 540
0.1278,0.1257
0.1248,0.1231

C04
X28 540
0.1266,0.1269
0.123,0.1231

C05
X29 540
0.1268,0.1271
0.1249,0.124

C06
X30 540
0.1259,0.1267
0.1215,0.1202

C07
X31 540
1.8565,1.8465
1.8506,1.8431

C08
X32 540
1.687,1.6929
1.6961,1.6906

C09
X33 540
0.1291,0.1291
0.1226,0.1221

C10
X34 540
0.1272,0.1259
0.1245,0.1227

C11
X35 540
0.129,0.1262
0.1236,0.1244

C12
X36 540
0.1302,0.1371
0.126,0.1248

D01
X37 540
0.1291,0.1306
0.1264,0.1273

D02
X38 540
0.1309,0.1285
0.1271,0.1313

D03
X39 540
0.1274,0.1239
0.1232,0.1238

D04
X40 540
0.1274,0.1262
0.1238,0.127

D05
X41 540
1.0565,1.059
1.0529,1.053

D06
X42 540
1.0293,1.0279
1.0322,1.0233

D07
X43 540
0.1268,0.1248
0.1208,0.1222

D08
X44 540
0.1261,0.1268
0.1213,0.1196

D09
X45 540
0.1266,0.1256
0.1249,0.1246

D10
X46 540
0.1283,0.2589
0.1625,2.0874

D11
X47 540
0.1297,0.1296
0.1238,0.1245

D12
X48 540
0.1341,0.128
0.1263,1.1636

E01
X49 540
0.1342,0.1317
0.1306,0.1298

E02
X50 540
0.7333,0.7262
0.729,0.7238

E03
X51 540
0.132,0.1306
0.1263,0.127

E04
X52 540
0.1345,0.1315
0.1285,0.1294

E05
X53 540
0.5708,0.5737
0.5658,0.5634

E06
X54 540
0.1245,0.124
0.1229,0.1225

E07
X55 540
0.1314,0.1246
0.1226,0.122

E08
X56 540
0.1283,0.1274
0.124,0.1251

E09
X57 540
0.1275,0.128
0.1287,0.1242

E10
X58 540
0.1332,0.1237
0.1361,0.1214

E11
X59 540
0.1296,0.1284
0.1261,0.1243

E12
X60 540
0.1379,0.1414
0.1253,1.3837

F01
X61 540
1.1169,1.1149
1.1199,1.1161

F02
X62 540
1.0156,1.0144
1.0142,1.0129

F03
X63 540
0.1336,0.1306
0.1293,0.1285

F04
X64 540
0.1356,0.128
0.1288,0.1275

F05
X65 540
3.235,3.1976
3.2499,3.1647

F06
X66 540
3.1902,3.2393
3.2163,3.7312

F07
X67 540
0.1313,0.1292
0.1275,0.1267

F08
X68 540
0.1323,0.1323
0.1276,0.1286

F09
X69 540
0.1313,0.1293
0.1268,0.124

F10
X70 540
0.1329,0.1324
0.1274,0.1269

F11
X71 540
3.614,3.4771
3.5021,3.4721

F12
X72 540
3.5112,3.5547
3.5061,3.5239

G01
X73 540
0.8488,0.8536
0.8482,0.8502

G02
X74 540
0.136,0.1266
0.1273,0.1277

G03
X75 540
0.2707,0.2648
0.264,0.2629

G04
X76 540
0.3068,0.3017
0.3023,0.2999

G05
X77 540
3.1894,3.1485
3.1533,3.1045

G06
X78 540
3.1375,3.1407
3.1216,3.1499

G07
X79 540
0.1407,0.1309
0.1272,0.1282

G08
X80 540
0.1304,0.1275
0.1267,0.1236

G09
X81 540
0.1319,0.1248
0.1334,0.1223

G10
X82 540
0.1376,0.1292
0.1266,0.1242

G11
X83 540
3.593,3.4503
3.5331,3.4109

G12
X84 540
3.5349,3.4556
3.8043,3.5281

H01
X85 540
0.1467,0.1323
0.1297,0.1308

H02
X86 540
0.1445,0.1366
0.1276,0.1298

H03
X87 540
0.1396,0.1295
0.1276,0.1288

H04
X88 540
0.1459,0.1273
0.1252,0.1279

H05
X89 540
0.6961,0.6886
0.6867,0.6869

H06
X90 540
0.6933,0.6845
0.6836,0.714

H07
X91 540
3.4691,3.3972
3.5547,3.469

H08
X92 540
3.5135,3.3768
3.5623,3.4658

H09
X93 540
3.5349,3.5476
3.5725,3.4883

H10
X94 540
3.4668,3.4128
3.4762,3.3991

H11
X95 540
3.475,3.3893
3.4657,3.3862

H12
X96 540
3.4588,3.432
3.5609,3.4619


